01,charmander,22,33
02,charmelion,44,44
03,charizard,55,550
04,squirtle,22.000000,32.000000
05,wartortle,66.000000,54.000000